-- phpMyAdmin SQL Dump
-- version 4.5.2
-- http://www.phpmyadmin.net
--
-- Host: localhost
-- Generation Time: 17-Set-2017 às 16:02
-- Versão do servidor: 10.1.16-MariaDB
-- PHP Version: 7.0.9

SET SQL_MODE = "NO_AUTO_VALUE_ON_ZERO";
SET time_zone = "+00:00";


/*!40101 SET @OLD_CHARACTER_SET_CLIENT=@@CHARACTER_SET_CLIENT */;
/*!40101 SET @OLD_CHARACTER_SET_RESULTS=@@CHARACTER_SET_RESULTS */;
/*!40101 SET @OLD_COLLATION_CONNECTION=@@COLLATION_CONNECTION */;
/*!40101 SET NAMES utf8mb4 */;

--
-- Database: `storyboard_app`
--
CREATE DATABASE IF NOT EXISTS `storyboard_app` DEFAULT CHARACTER SET latin1 COLLATE latin1_swedish_ci;
USE `storyboard_app`;

-- --------------------------------------------------------

--
-- Estrutura da tabela `appuser`
--

DROP TABLE IF EXISTS `appuser`;
CREATE TABLE `appuser` (
  `id_appuser` int(11) NOT NULL,
  `username` varchar(20) NOT NULL,
  `password` varchar(32) NOT NULL,
  `fullname` varchar(100) NOT NULL,
  `email` varchar(150) NOT NULL,
  `usertype` int(1) NOT NULL,
  `avatar` varchar(100) NOT NULL
) ENGINE=InnoDB DEFAULT CHARSET=latin1;

--
-- Extraindo dados da tabela `appuser`
--

INSERT INTO `appuser` (`id_appuser`, `username`, `password`, `fullname`, `email`, `usertype`, `avatar`) VALUES
(1, 'phcacique', '161dad636b1d5778e97dd6e25964d233', 'Pedro Henrique Cacique Braga', 'phcacique@gmail.com', 0, 'avatar1.png'),
(8, 'pauloendoh', 'deae7de0db26cdee7a49090cf6a7d7e4', 'Paulo Endoh', 'paulo.endoh@gmail.com', 1, 'avatar1.png'),
(9, 'felipe.rodrigues', '603c1d51907309cb2800434662e28de4', 'Felipe J S Rodrigues', 'felipe.jsr@hotmail.com', 1, 'avatar3.png'),
(10, 'cacique', '161dad636b1d5778e97dd6e25964d233', 'Pedro Cacique', 'pedro.braga@mackenzie.br', 1, 'avatar6.png'),
(11, 'kadtok', '33b0bd9bf2d0c5db7efb719a7d52be16', 'Karen Cristina Silva', 'kadtok@gmail.com', 1, 'avatar4.png'),
(12, 'cnatalo', '3806a526e2c7af2ec712718c3de4d4a5', 'Caue Natalo', 'cnatalo@gmail.com', 1, 'avatar3.png'),
(13, 'AnaBe', 'fcea920f7412b5da7be0cf42b8c93759', 'Ana Beatriz Silva Oliveira', 'yomielng@gmail.com', 1, 'avatar5.png'),
(14, 'nikeferrr', 'e634cbfd000040f010b5fa1504b8a8d6', 'Natan Kawan Araujo Freire', 'natan.kawan@gmail.com', 1, 'avatar2.png'),
(15, 'intestinal', '6d22451dbb3e788ea2d1b52af9f746c9', 'Caio César dos Santos', 'intestinal.lover@hotmail.com', 1, 'avatar3.png'),
(16, 'raffribeiro', '810c71c449f167fd59d67e2eb9f3704a', 'Rafael Ribeiro', 'raffribeiro@gmail.com', 1, 'avatar2.png'),
(17, 'ederhq', 'aa622d1829f3f68127c00e2df48320b5', 'eder gil de souza', 'ederhq@gmail.com', 1, 'avatar6.png'),
(18, 'lucasoaresf', '7c09a6dfeb27c2e6a03c62cfead4a97c', 'Lucas Soares de Freitas', 'lucasoaresf@protonmail.com', 1, 'avatar1.png');

-- --------------------------------------------------------

--
-- Estrutura da tabela `bug`
--

DROP TABLE IF EXISTS `bug`;
CREATE TABLE `bug` (
  `id_bug` int(11) NOT NULL,
  `subject` varchar(100) NOT NULL,
  `detailedtext` varchar(300) NOT NULL,
  `bugdate` timestamp NOT NULL DEFAULT CURRENT_TIMESTAMP ON UPDATE CURRENT_TIMESTAMP,
  `id_user` int(11) NOT NULL
) ENGINE=InnoDB DEFAULT CHARSET=latin1;

-- --------------------------------------------------------

--
-- Estrutura da tabela `frame`
--

DROP TABLE IF EXISTS `frame`;
CREATE TABLE `frame` (
  `id_frame` int(11) NOT NULL,
  `id_storyboard` int(11) NOT NULL,
  `num` int(11) DEFAULT NULL,
  `duration` int(11) DEFAULT NULL,
  `image` varchar(100) DEFAULT NULL,
  `activeTime` int(11) NOT NULL DEFAULT '0',
  `gestureTime` int(11) NOT NULL DEFAULT '0'
) ENGINE=InnoDB DEFAULT CHARSET=latin1;

--
-- Extraindo dados da tabela `frame`
--

INSERT INTO `frame` (`id_frame`, `id_storyboard`, `num`, `duration`, `image`, `activeTime`, `gestureTime`) VALUES
(74, 24, 1, 5, '1480940577.png', 862, 0),
(75, 24, 2, 5, '1480940715.png', 10112, 9241),
(76, 24, 3, 5, '1480940814.png', 3398, 3038),
(77, 24, 4, 5, '1480941136.png', 9661, 7718),
(79, 26, 1, 5, '1480977147.png', 10128, 8407),
(80, 27, 1, 3, '1480977494.png', 5033, 0),
(81, 27, 2, 5, '1480978453.png', 38584, 35273),
(82, 27, 3, 5, '1480978832.png', 21222, 18277),
(83, 27, 4, 5, '1480979068.png', 9521, 5620),
(86, 28, 1, 5, '1481118606.png', 7254, 5860),
(87, 29, 1, 5, '1481141239.png', 9137, 8341),
(88, 30, 1, 3, '1481141554.png', 9935, 0),
(89, 30, 2, 5, '1481142295.png', 18262, 9982),
(90, 30, 3, 5, '1481142505.png', 10505, 6795),
(91, 30, 4, 5, '1481142842.png', 16958, 9720),
(92, 31, 1, 5, '1481143769.png', 1832, 0),
(93, 31, 2, 5, '1481144264.png', 28895, 25575),
(94, 31, 3, 5, '1481144550.png', 9313, 7565),
(95, 32, 1, 5, '1481146632.png', 13468, 13038),
(96, 33, 1, 3, '1481147066.png', 7294, 0),
(97, 33, 2, 5, '1481147898.png', 45347, 37724),
(98, 33, 3, 5, '1481148092.png', 7886, 5192),
(99, 33, 4, 5, '1481148435.png', 22916, 16599),
(100, 34, 1, 5, '1481151243.png', 13659, 12262),
(101, 35, 1, 3, '1481151557.png', 19965, 0),
(102, 35, 2, 5, '1481152098.png', 37866, 18888),
(103, 35, 3, 5, '1481152232.png', 7214, 3046),
(104, 35, 4, 5, '1481152686.png', 33949, 12611),
(105, 36, 1, 5, '1481153625.png', 8094, 7089),
(106, 37, 1, 3, '1481153976.png', 19537, 0),
(107, 37, 2, 5, '1481154586.png', 33419, 20940),
(108, 37, 3, 5, '1481154842.png', 15592, 9236),
(111, 40, 1, 5, '1481217171.png', 8222, 5012),
(112, 41, 1, 3, '1481217792.png', 26273, 0),
(113, 41, 2, 5, '1481218728.png', 39841, 26821),
(114, 41, 3, 5, '1481218970.png', 7549, 5414),
(115, 41, 4, 4, '1481219434.png', 17927, 8141),
(116, 42, 1, 5, '1481224786.png', 9537, 9444),
(117, 43, 1, 3, '1481225573.png', 21705, 0),
(118, 43, 2, 5, '1481226167.png', 22338, 11796),
(119, 43, 3, 5, '1481226381.png', 7747, 2539),
(120, 43, 4, 5, '1481227260.png', 28975, 8986),
(121, 44, 1, 5, '1481631013.png', 28570, 26624),
(122, 45, 1, 3, '1481631215.png', 3531, 0),
(123, 45, 2, 5, '1481631733.png', 26648, 22840),
(124, 45, 3, 5, '1481632037.png', 10777, 9748),
(125, 45, 4, 5, '1481632465.png', 22436, 13903),
(126, 47, 1, 5, '1491410277.png', 10652, 10298);

-- --------------------------------------------------------

--
-- Estrutura da tabela `framelayer`
--

DROP TABLE IF EXISTS `framelayer`;
CREATE TABLE `framelayer` (
  `id_layer` int(11) NOT NULL,
  `id_frame` int(11) DEFAULT NULL,
  `name_layer` varchar(100) DEFAULT NULL,
  `frame_index` int(11) DEFAULT NULL,
  `visibility` int(1) DEFAULT NULL,
  `gesture` int(1) DEFAULT NULL,
  `image` varchar(45) DEFAULT NULL
) ENGINE=InnoDB DEFAULT CHARSET=latin1;

--
-- Extraindo dados da tabela `framelayer`
--

INSERT INTO `framelayer` (`id_layer`, `id_frame`, `name_layer`, `frame_index`, `visibility`, `gesture`, `image`) VALUES
(351, 74, 'Layer 1', 0, 1, 0, '14809405770.png'),
(352, 75, 'Layer 1', 0, 1, 0, '14809407150.png'),
(353, 75, 'Layer 2', 1, 1, 1, '14809407151.png'),
(354, 76, 'Layer 1', 0, 1, 0, '14809408140.png'),
(355, 76, 'Layer 2', 1, 1, 1, '14809408141.png'),
(359, 77, 'Layer 1', 0, 1, 0, '14809411360.png'),
(360, 77, 'Layer 2', 1, 1, 0, '14809411361.png'),
(361, 77, 'Layer 3', 2, 1, 1, '14809411362.png'),
(364, 79, 'Layer 1', 0, 1, 0, '14809771470.png'),
(365, 79, 'Layer 2', 1, 1, 1, '14809771471.png'),
(366, 80, 'Layer 1', 0, 1, 0, '14809774940.png'),
(367, 81, 'Layer 1', 0, 1, 0, '14809784530.png'),
(368, 81, 'Layer 2', 1, 1, 1, '14809784531.png'),
(369, 82, 'Layer 1', 0, 1, 0, '14809788320.png'),
(370, 82, 'Layer 2', 1, 1, 1, '14809788321.png'),
(371, 83, 'Layer 1', 0, 1, 0, '14809790680.png'),
(372, 83, 'Layer 2', 1, 1, 0, '14809790681.png'),
(373, 83, 'Layer 3', 2, 1, 1, '14809790682.png'),
(379, 86, 'Desenho', 0, 1, 0, '14811186060.png'),
(380, 86, 'Gestos', 1, 1, 1, '14811186061.png'),
(381, 87, 'Layer 1', 0, 1, 0, '14811412390.png'),
(382, 87, 'Layer 2', 1, 1, 1, '14811412391.png'),
(383, 88, 'Layer 1', 0, 1, 0, '14811415540.png'),
(384, 89, 'Layer 1', 0, 1, 0, '14811422950.png'),
(385, 89, 'Layer 2', 1, 1, 1, '14811422951.png'),
(386, 90, 'Layer 1', 0, 1, 0, '14811425050.png'),
(387, 90, 'Layer 2', 1, 1, 0, '14811425051.png'),
(388, 90, 'Layer 3', 2, 1, 1, '14811425052.png'),
(389, 91, 'Layer 1', 0, 1, 0, '14811428420.png'),
(390, 91, 'Layer 2', 1, 1, 0, '14811428421.png'),
(391, 91, 'Layer 3', 2, 1, 1, '14811428422.png'),
(392, 92, 'Layer 1', 0, 1, 0, '14811437690.png'),
(393, 93, 'Layer 1', 0, 1, 0, '14811442640.png'),
(394, 93, 'Layer 2', 1, 1, 1, '14811442641.png'),
(395, 94, 'Layer 1', 0, 1, 0, '14811445500.png'),
(396, 94, 'Layer 2', 1, 1, 1, '14811445501.png'),
(397, 94, 'Layer 3', 2, 1, 0, '14811445502.png'),
(398, 95, 'Layer 1', 0, 1, 0, '14811466320.png'),
(399, 95, 'Layer 2', 1, 1, 1, '14811466321.png'),
(400, 96, 'Layer 1', 0, 1, 0, '14811470660.png'),
(401, 96, 'Layer 2', 1, 1, 0, '14811470661.png'),
(402, 97, 'Layer 1', 0, 1, 0, '14811478980.png'),
(403, 97, 'Layer 2', 1, 1, 1, '14811478981.png'),
(404, 98, 'Layer 1', 0, 1, 0, '14811480920.png'),
(405, 98, 'Layer 2', 1, 1, 1, '14811480921.png'),
(406, 99, 'Layer 1', 0, 1, 0, '14811484350.png'),
(407, 99, 'Layer 2', 1, 1, 0, '14811484351.png'),
(408, 99, 'Layer 3', 2, 1, 1, '14811484352.png'),
(409, 100, 'Layer 1', 0, 1, 0, '14811512430.png'),
(410, 100, 'Layer 2', 1, 1, 1, '14811512431.png'),
(411, 101, 'Layer 1', 0, 1, 0, '14811515570.png'),
(412, 102, 'Layer 1', 0, 1, 0, '14811520980.png'),
(413, 102, 'Layer 2', 1, 1, 1, '14811520981.png'),
(414, 103, 'Layer 1', 0, 1, 0, '14811522320.png'),
(415, 103, 'gestos', 1, 1, 1, '14811522321.png'),
(416, 104, 'Layer 1', 0, 1, 0, '14811526860.png'),
(417, 104, 'Layer 2', 1, 1, 0, '14811526861.png'),
(418, 104, 'Layer 3', 2, 1, 1, '14811526862.png'),
(419, 105, 'Layer 1', 0, 1, 0, '14811536250.png'),
(420, 105, 'Layer 2', 1, 1, 1, '14811536251.png'),
(421, 106, 'Layer 1', 0, 1, 0, '14811539760.png'),
(422, 107, 'Layer 1', 0, 1, 0, '14811545860.png'),
(423, 107, 'Layer 2', 1, 1, 1, '14811545861.png'),
(424, 108, 'Layer 1', 0, 1, 0, '14811548420.png'),
(425, 108, 'Layer 2', 1, 1, 1, '14811548421.png'),
(432, 111, 'Layer 1', 0, 1, 0, '14812171710.png'),
(433, 111, 'Layer 2', 1, 1, 1, '14812171711.png'),
(435, 112, 'Layer 1', 0, 1, 0, '14812177920.png'),
(436, 113, 'Layer 1', 0, 1, 0, '14812187280.png'),
(440, 114, 'Layer 1', 0, 1, 0, '14812189700.png'),
(441, 114, 'Layer 2', 1, 1, 1, '14812189701.png'),
(444, 115, 'Layer 1', 0, 1, 0, '14812194340.png'),
(445, 115, 'Layer 2', 1, 1, 0, '14812194341.png'),
(446, 116, 'Layer 1', 0, 1, 0, '14812247860.png'),
(447, 116, 'Layer 2', 1, 1, 1, '14812247861.png'),
(449, 117, 'Layer 1', 0, 1, 0, '14812255730.png'),
(450, 118, 'Layer 1', 0, 1, 0, '14812261670.png'),
(451, 118, 'Layer 2', 1, 1, 1, '14812261671.png'),
(452, 119, 'Layer 1', 0, 1, 0, '14812263810.png'),
(453, 119, 'Layer 2', 1, 1, 1, '14812263811.png'),
(454, 120, 'Layer 1', 0, 1, 0, '14812272600.png'),
(455, 120, 'Layer 2', 1, 1, 0, '14812272601.png'),
(456, 120, 'Layer 3', 2, 1, 1, '14812272602.png'),
(457, 121, 'Layer 1', 0, 1, 0, '14816310130.png'),
(458, 121, 'Layer 2', 1, 1, 1, '14816310131.png'),
(459, 122, 'Layer 1', 0, 1, 0, '14816312150.png'),
(460, 123, 'Layer 1', 0, 1, 0, '14816317330.png'),
(461, 123, 'Layer 2', 1, 1, 1, '14816317331.png'),
(462, 124, 'Layer 1', 0, 1, 0, '14816320370.png'),
(463, 124, 'Layer 2', 1, 1, 1, '14816320371.png'),
(464, 125, 'Layer 1', 0, 1, 0, '14816324650.png'),
(465, 125, 'Layer 2', 1, 1, 0, '14816324651.png'),
(466, 125, 'Layer 3', 2, 1, 1, '14816324652.png'),
(467, 126, 'Layer 1', 0, 1, 0, '14914102770.png'),
(468, 126, 'Layer 2', 1, 1, 1, '14914102771.png');

-- --------------------------------------------------------

--
-- Estrutura da tabela `Gesture`
--

DROP TABLE IF EXISTS `Gesture`;
CREATE TABLE `Gesture` (
  `id_gesture` int(11) NOT NULL,
  `fk_framelayer` int(11) NOT NULL,
  `fk_gestureType` int(11) NOT NULL
) ENGINE=InnoDB DEFAULT CHARSET=latin1;

--
-- Extraindo dados da tabela `Gesture`
--

INSERT INTO `Gesture` (`id_gesture`, `fk_framelayer`, `fk_gestureType`) VALUES
(76, 353, 3),
(77, 355, 2),
(79, 361, 1),
(81, 365, 1),
(82, 368, 3),
(83, 370, 2),
(84, 373, 1),
(86, 380, 1),
(87, 382, 1),
(88, 385, 3),
(89, 388, 2),
(90, 391, 1),
(91, 394, 3),
(92, 396, 2),
(93, 399, 1),
(94, 403, 3),
(95, 405, 2),
(96, 408, 1),
(97, 410, 1),
(98, 413, 3),
(99, 415, 2),
(100, 418, 1),
(101, 420, 1),
(102, 423, 3),
(103, 425, 2),
(107, 433, 1),
(109, 441, 2),
(111, 447, 1),
(112, 451, 3),
(113, 453, 2),
(114, 456, 1),
(115, 458, 1),
(116, 461, 3),
(117, 463, 2),
(118, 466, 1),
(119, 468, 1);

-- --------------------------------------------------------

--
-- Estrutura da tabela `GestureParam`
--

DROP TABLE IF EXISTS `GestureParam`;
CREATE TABLE `GestureParam` (
  `id_GestureParam` int(11) NOT NULL,
  `fk_gesture` int(11) NOT NULL,
  `gp_value` varchar(45) NOT NULL,
  `gp_order` int(11) NOT NULL DEFAULT '0'
) ENGINE=InnoDB DEFAULT CHARSET=latin1;

--
-- Extraindo dados da tabela `GestureParam`
--

INSERT INTO `GestureParam` (`id_GestureParam`, `fk_gesture`, `gp_value`, `gp_order`) VALUES
(144, 76, 'fA(110,69,203,302)', 0),
(145, 76, 'fB(349,241,98,116)', 1),
(146, 77, 's0(0)', 0),
(147, 77, 's1(90)', 1),
(148, 77, '', 2),
(151, 79, 'A(157,398)', 0),
(152, 79, 'C(696,381)', 1),
(155, 81, 'A(157,276)', 0),
(156, 81, 'B(477,269)', 1),
(157, 82, 'fA(656,83,175,118)', 0),
(158, 82, 'fB(282,255,272,220)', 1),
(159, 83, 's0(0)', 0),
(160, 83, 's1(90)', 1),
(161, 83, '', 2),
(162, 84, 'A(174,397)', 0),
(163, 84, 'C(586,394)', 1),
(167, 86, 'A(57,253)', 0),
(168, 86, 'B(767,386)', 1),
(169, 87, 'A(25,289)', 0),
(170, 87, 'B(715,238)', 1),
(171, 88, 'fA(6,40,289,288)', 0),
(172, 88, 'fC(320,326,178,119)', 1),
(173, 89, 's0(0)', 0),
(174, 89, 's1(90)', 1),
(175, 89, '', 2),
(176, 90, 'A(39,320)', 0),
(177, 90, 'C(611,323)', 1),
(178, 91, 'fA(54,214,141,75)', 0),
(179, 91, 'fD(356,252,109,74)', 1),
(180, 92, 's0(0)', 0),
(181, 92, 's1(90)', 1),
(182, 92, '', 2),
(183, 93, 'A(170,321)', 0),
(184, 93, 'B(637,297)', 1),
(185, 94, 'fB(43,194,145,149)', 0),
(186, 94, 'fC(333,198,234,238)', 1),
(187, 95, 's0(0)', 0),
(188, 95, 's1(90)', 1),
(189, 95, '', 2),
(190, 96, 'A(219,334)', 0),
(191, 96, 'D(597,337)', 1),
(192, 97, 'A(727,30)', 0),
(193, 97, 'E(27,333)', 1),
(194, 98, 'fA(41,106,163,163)', 0),
(195, 98, 'fC(347,108,155,130)', 1),
(196, 99, 's0(0)', 0),
(197, 99, 's1(90)', 1),
(198, 99, '', 2),
(199, 100, 'A(169,322)', 0),
(200, 100, 'B(573,325)', 1),
(201, 101, 'A(71,183)', 0),
(202, 101, 'B(669,51)', 1),
(203, 102, 'fA(6,91,197,196)', 0),
(204, 102, 'fB(268,224,253,179)', 1),
(205, 103, 's0(0)', 0),
(206, 103, 's1(80)', 1),
(207, 103, '', 2),
(215, 107, 'A(77,274)', 0),
(216, 107, 'B(751,347)', 1),
(219, 109, 's0(0)', 0),
(220, 109, 's1(90)', 1),
(221, 109, '', 2),
(224, 111, 'A(21,227)', 0),
(225, 111, 'B(721,5)', 1),
(226, 112, 'fA(17,103,207,134)', 0),
(227, 112, 'fB(295,210,298,173)', 1),
(228, 113, 's0(1)', 0),
(229, 113, 's1(11)', 1),
(230, 113, '', 2),
(231, 114, 'A(85,259)', 0),
(232, 114, 'C(745,240)', 1),
(233, 115, 'A(29,257)', 0),
(234, 115, 'B(769,314)', 1),
(235, 116, 'fA(48,51,359,226)', 0),
(236, 116, 'fB(517,264,188,115)', 1),
(237, 117, 's0(0)', 0),
(238, 117, 's1(90)', 1),
(239, 117, '', 2),
(240, 118, 'A(139,376)', 0),
(241, 118, 'C(530,369)', 1),
(242, 119, 'A(83,205)', 0),
(243, 119, 'B(784,50)', 1);

-- --------------------------------------------------------

--
-- Estrutura da tabela `GestureType`
--

DROP TABLE IF EXISTS `GestureType`;
CREATE TABLE `GestureType` (
  `id_GestureType` int(11) NOT NULL,
  `name` varchar(45) NOT NULL
) ENGINE=InnoDB DEFAULT CHARSET=latin1;

--
-- Extraindo dados da tabela `GestureType`
--

INSERT INTO `GestureType` (`id_GestureType`, `name`) VALUES
(1, 'Translation'),
(2, 'Rotation'),
(3, 'Cam');

-- --------------------------------------------------------

--
-- Estrutura da tabela `post`
--

DROP TABLE IF EXISTS `post`;
CREATE TABLE `post` (
  `id_post` int(11) NOT NULL,
  `id_user` int(11) NOT NULL,
  `text` text,
  `postdate` timestamp NULL DEFAULT NULL
) ENGINE=InnoDB DEFAULT CHARSET=latin1;

--
-- Extraindo dados da tabela `post`
--

INSERT INTO `post` (`id_post`, `id_user`, `text`, `postdate`) VALUES
(17, 1, 'I''m the fastest man alive!\r\n', '2016-09-20 03:03:35'),
(18, 1, 'My name is Barry Allen!\r\n', '2016-09-20 03:03:42'),
(20, 1, 'teste\r\n', '2016-12-05 22:17:58'),
(21, 10, 'Hello World\r\n', '2016-12-07 13:11:24');

-- --------------------------------------------------------

--
-- Estrutura da tabela `question`
--

DROP TABLE IF EXISTS `question`;
CREATE TABLE `question` (
  `id_question` int(11) NOT NULL,
  `q_number` int(11) NOT NULL,
  `q_answer` varchar(300) NOT NULL,
  `fk_user` int(11) NOT NULL,
  `date_time` varchar(45) NOT NULL
) ENGINE=InnoDB DEFAULT CHARSET=latin1;

--
-- Extraindo dados da tabela `question`
--

INSERT INTO `question` (`id_question`, `q_number`, `q_answer`, `fk_user`, `date_time`) VALUES
(61, 1, 'Nenhum', 8, '2016-12-05 10:54:31'),
(62, 2, 'a', 8, '2016-12-05 10:54:31'),
(63, 3, 'a', 8, '2016-12-05 10:54:31'),
(64, 4, 'Nenhum', 8, '2016-12-05 10:54:31'),
(65, 5, 'Não', 8, '2016-12-05 10:54:31'),
(66, 6, 'd', 8, '2016-12-05 10:54:31'),
(67, 7, 'b', 8, '2016-12-05 10:54:31'),
(68, 8, 'Não uso', 8, '2016-12-05 10:54:31'),
(69, 9, 'd', 8, '2016-12-05 10:54:31'),
(70, 10, 'd', 8, '2016-12-05 10:54:31'),
(71, 11, 'Sim', 8, '2016-12-05 10:54:31'),
(72, 12, 'Roteiro, ', 8, '2016-12-05 10:54:31'),
(73, 13, 'Não', 8, '2016-12-05 10:54:31'),
(74, 14, 'Sim', 8, '2016-12-05 10:54:31'),
(75, 15, 'Sim', 8, '2016-12-05 10:54:31'),
(76, 16, 'Sim', 8, '2016-12-05 10:54:31'),
(77, 17, '', 8, '2016-12-05 10:54:31'),
(78, 18, 'a', 8, '2016-12-05 10:54:31'),
(79, 19, 'São necessários', 8, '2016-12-05 10:54:31'),
(80, 20, 'Juntar com o photoshop. Integrar com a utilização de de camadas.', 8, '2016-12-05 10:54:31'),
(81, 21, 'Software de desenho digital', 8, '2016-12-05 10:54:31'),
(82, 22, 'Sim', 8, '2016-12-05 10:54:31'),
(83, 23, 'e', 8, '2016-12-05 10:54:31'),
(84, 24, 'Sim ', 8, '2016-12-05 10:54:31'),
(85, 25, 'Sim', 8, '2016-12-05 10:54:31'),
(86, 26, 'Médio', 8, '2016-12-05 10:54:31'),
(87, 27, 'Alto', 8, '2016-12-05 10:54:31'),
(88, 28, 'não', 8, '2016-12-05 10:54:31'),
(89, 29, 'sim', 8, '2016-12-05 10:54:31'),
(90, 30, 'Mais ferramentas no canvas, tais como: diminuir o tamanho do brush; Atalho para colocar os símbolos diretamente no canvas;\r\nMelhorar detecção das letras dos símbolos\r\nErro no gerenciamento de camadas', 8, '2016-12-05 10:54:31'),
(91, 1, 'Nenhum', 9, '2016-12-05 21:24:01'),
(92, 2, 'a', 9, '2016-12-05 21:24:01'),
(93, 3, 'a', 9, '2016-12-05 21:24:01'),
(94, 4, 'Nenhum', 9, '2016-12-05 21:24:01'),
(95, 5, 'Não', 9, '2016-12-05 21:24:01'),
(96, 6, 'e', 9, '2016-12-05 21:24:01'),
(97, 7, 'b', 9, '2016-12-05 21:24:01'),
(98, 8, 'Photoshop, Flash', 9, '2016-12-05 21:24:01'),
(99, 9, 'd', 9, '2016-12-05 21:24:01'),
(100, 10, 'e', 9, '2016-12-05 21:24:01'),
(101, 11, 'Nada a declarar', 9, '2016-12-05 21:24:01'),
(102, 12, 'Roteiro', 9, '2016-12-05 21:24:01'),
(103, 13, 'Não', 9, '2016-12-05 21:24:01'),
(104, 14, 'Sim', 9, '2016-12-05 21:24:01'),
(105, 15, 'Sim', 9, '2016-12-05 21:24:01'),
(106, 16, 'Não', 9, '2016-12-05 21:24:01'),
(107, 17, '', 9, '2016-12-05 21:24:01'),
(108, 18, 'c', 9, '2016-12-05 21:24:01'),
(109, 19, 'São necessários', 9, '2016-12-05 21:24:01'),
(110, 20, 'Nada a declarar', 9, '2016-12-05 21:24:01'),
(111, 21, 'Interprete e digitalize os desenhos feitos no papel', 9, '2016-12-05 21:24:01'),
(112, 22, 'Sim', 9, '2016-12-05 21:24:01'),
(113, 23, 'e', 9, '2016-12-05 21:24:01'),
(114, 24, 'Não', 9, '2016-12-05 21:24:01'),
(115, 25, 'Sim', 9, '2016-12-05 21:24:01'),
(116, 26, 'Médio', 9, '2016-12-05 21:24:01'),
(117, 27, 'Alto', 9, '2016-12-05 21:24:01'),
(118, 28, 'sim', 9, '2016-12-05 21:24:01'),
(119, 29, 'sim', 9, '2016-12-05 21:24:01'),
(120, 30, 'Inserir novos simbolos ou tentar suavizar os movimentos gerados.', 9, '2016-12-05 21:24:01'),
(121, 1, '', 1, '2016-12-07 09:20:41'),
(122, 2, '', 1, '2016-12-07 09:20:41'),
(123, 3, '', 1, '2016-12-07 09:20:41'),
(124, 4, '', 1, '2016-12-07 09:20:41'),
(125, 5, '', 1, '2016-12-07 09:20:41'),
(126, 6, '', 1, '2016-12-07 09:20:41'),
(127, 7, '', 1, '2016-12-07 09:20:41'),
(128, 8, '', 1, '2016-12-07 09:20:41'),
(129, 9, '', 1, '2016-12-07 09:20:41'),
(130, 10, '', 1, '2016-12-07 09:20:41'),
(131, 11, '', 1, '2016-12-07 09:20:41'),
(132, 12, '', 1, '2016-12-07 09:20:41'),
(133, 13, '', 1, '2016-12-07 09:20:41'),
(134, 14, '', 1, '2016-12-07 09:20:41'),
(135, 15, '', 1, '2016-12-07 09:20:41'),
(136, 16, '', 1, '2016-12-07 09:20:41'),
(137, 17, '', 1, '2016-12-07 09:20:41'),
(138, 18, '', 1, '2016-12-07 09:20:41'),
(139, 19, '', 1, '2016-12-07 09:20:41'),
(140, 20, '', 1, '2016-12-07 09:20:41'),
(141, 21, '', 1, '2016-12-07 09:20:41'),
(142, 22, '', 1, '2016-12-07 09:20:41'),
(143, 23, '', 1, '2016-12-07 09:20:41'),
(144, 24, '', 1, '2016-12-07 09:20:41'),
(145, 25, '', 1, '2016-12-07 09:20:41'),
(146, 26, '', 1, '2016-12-07 09:20:41'),
(147, 27, '', 1, '2016-12-07 09:20:41'),
(148, 28, '', 1, '2016-12-07 09:20:41'),
(149, 29, '', 1, '2016-12-07 09:20:41'),
(150, 30, '', 1, '2016-12-07 09:20:41'),
(151, 1, 'Nenhum', 12, '2016-12-07 19:14:50'),
(152, 2, 'a', 12, '2016-12-07 19:14:50'),
(153, 3, 'a', 12, '2016-12-07 19:14:50'),
(154, 4, 'Nenhum', 12, '2016-12-07 19:14:50'),
(155, 5, 'Não', 12, '2016-12-07 19:14:50'),
(156, 6, 'e', 12, '2016-12-07 19:14:50'),
(157, 7, 'c', 12, '2016-12-07 19:14:50'),
(158, 8, 'Flash', 12, '2016-12-07 19:14:50'),
(159, 9, 'c', 12, '2016-12-07 19:14:50'),
(160, 10, 'd', 12, '2016-12-07 19:14:50'),
(161, 11, 'Nada a declarar', 12, '2016-12-07 19:14:50'),
(162, 12, 'Roteiro', 12, '2016-12-07 19:14:50'),
(163, 13, '', 12, '2016-12-07 19:14:50'),
(164, 14, '', 12, '2016-12-07 19:14:50'),
(165, 15, '', 12, '2016-12-07 19:14:50'),
(166, 16, '', 12, '2016-12-07 19:14:50'),
(167, 17, '', 12, '2016-12-07 19:14:50'),
(168, 18, '', 12, '2016-12-07 19:14:50'),
(169, 19, '', 12, '2016-12-07 19:14:50'),
(170, 20, '', 12, '2016-12-07 19:14:50'),
(171, 21, '', 12, '2016-12-07 19:14:50'),
(172, 22, '', 12, '2016-12-07 19:14:50'),
(173, 23, '', 12, '2016-12-07 19:14:50'),
(174, 24, '', 12, '2016-12-07 19:14:50'),
(175, 25, '', 12, '2016-12-07 19:14:50'),
(176, 26, '', 12, '2016-12-07 19:14:50'),
(177, 27, '', 12, '2016-12-07 19:14:50'),
(178, 28, '', 12, '2016-12-07 19:14:50'),
(179, 29, '', 12, '2016-12-07 19:14:50'),
(180, 30, '', 12, '2016-12-07 19:14:50'),
(181, 1, 'Nenhum', 12, '2016-12-07 19:20:53'),
(182, 2, 'a', 12, '2016-12-07 19:20:53'),
(183, 3, 'a', 12, '2016-12-07 19:20:53'),
(184, 4, 'Nenhum', 12, '2016-12-07 19:20:53'),
(185, 5, 'Não', 12, '2016-12-07 19:20:53'),
(186, 6, 'd', 12, '2016-12-07 19:20:53'),
(187, 7, 'c', 12, '2016-12-07 19:20:53'),
(188, 8, 'Photoshop, Flash', 12, '2016-12-07 19:20:53'),
(189, 9, 'c', 12, '2016-12-07 19:20:53'),
(190, 10, 'd', 12, '2016-12-07 19:20:53'),
(191, 11, 'Nada a declarar', 12, '2016-12-07 19:20:53'),
(192, 12, 'Roteiro, ', 12, '2016-12-07 19:20:53'),
(193, 13, 'Não', 12, '2016-12-07 19:20:53'),
(194, 14, 'Sim', 12, '2016-12-07 19:20:53'),
(195, 15, 'Sim', 12, '2016-12-07 19:20:53'),
(196, 16, 'Não', 12, '2016-12-07 19:20:53'),
(197, 17, '', 12, '2016-12-07 19:20:53'),
(198, 18, 'a', 12, '2016-12-07 19:20:53'),
(199, 19, 'São necessários', 12, '2016-12-07 19:20:53'),
(200, 20, 'Nada a declarar', 12, '2016-12-07 19:20:53'),
(201, 21, 'Ambos', 12, '2016-12-07 19:20:53'),
(202, 22, 'Sim', 12, '2016-12-07 19:20:53'),
(203, 23, 'e', 12, '2016-12-07 19:20:53'),
(204, 24, 'Sim ', 12, '2016-12-07 19:20:53'),
(205, 25, 'Sim', 12, '2016-12-07 19:20:53'),
(206, 26, 'Grande', 12, '2016-12-07 19:20:53'),
(207, 27, 'Grande', 12, '2016-12-07 19:20:53'),
(208, 28, 'sim', 12, '2016-12-07 19:20:53'),
(209, 29, 'sim', 12, '2016-12-07 19:20:53'),
(210, 30, '', 12, '2016-12-07 19:20:53'),
(211, 1, 'Nenhum', 11, '2016-12-07 19:27:35'),
(212, 2, '', 11, '2016-12-07 19:27:35'),
(213, 3, '', 11, '2016-12-07 19:27:35'),
(214, 4, 'Nenhum', 11, '2016-12-07 19:27:35'),
(215, 5, 'Não', 11, '2016-12-07 19:27:35'),
(216, 6, 'd', 11, '2016-12-07 19:27:35'),
(217, 7, 'c', 11, '2016-12-07 19:27:35'),
(218, 8, 'Photoshop', 11, '2016-12-07 19:27:35'),
(219, 9, 'c', 11, '2016-12-07 19:27:35'),
(220, 10, 'd', 11, '2016-12-07 19:27:35'),
(221, 11, 'Nada a declarar', 11, '2016-12-07 19:27:35'),
(222, 12, 'Nenhum', 11, '2016-12-07 19:27:35'),
(223, 13, 'Não', 11, '2016-12-07 19:27:35'),
(224, 14, 'sim', 11, '2016-12-07 19:27:35'),
(225, 15, 'nem sempre', 11, '2016-12-07 19:27:35'),
(226, 16, 'Não', 11, '2016-12-07 19:27:35'),
(227, 17, '', 11, '2016-12-07 19:27:35'),
(228, 18, 'a', 11, '2016-12-07 19:27:35'),
(229, 19, 'São necessários', 11, '2016-12-07 19:27:35'),
(230, 20, 'Nada a declarar', 11, '2016-12-07 19:27:35'),
(231, 21, 'Ambos', 11, '2016-12-07 19:27:35'),
(232, 22, 'Sim', 11, '2016-12-07 19:27:35'),
(233, 23, 'e', 11, '2016-12-07 19:27:35'),
(234, 24, 'Um pouco', 11, '2016-12-07 19:27:35'),
(235, 25, 'Sim', 11, '2016-12-07 19:27:35'),
(236, 26, 'relativamente grande', 11, '2016-12-07 19:27:35'),
(237, 27, 'Grande', 11, '2016-12-07 19:27:35'),
(238, 28, 'sim', 11, '2016-12-07 19:27:35'),
(239, 29, 'sim', 11, '2016-12-07 19:27:35'),
(240, 30, 'Somente a questao do intendimento dos comandos que merece mais atencao', 11, '2016-12-07 19:27:35'),
(241, 1, 'Nenhum', 13, '2016-12-07 20:21:11'),
(242, 2, '', 13, '2016-12-07 20:21:11'),
(243, 3, '', 13, '2016-12-07 20:21:11'),
(244, 4, 'Nenhum', 13, '2016-12-07 20:21:11'),
(245, 5, 'Não', 13, '2016-12-07 20:21:11'),
(246, 6, '', 13, '2016-12-07 20:21:11'),
(247, 7, '', 13, '2016-12-07 20:21:11'),
(248, 8, 'GraphicsGale, Photoshop, msPaint', 13, '2016-12-07 20:21:11'),
(249, 9, 'd', 13, '2016-12-07 20:21:11'),
(250, 10, 'c', 13, '2016-12-07 20:21:11'),
(251, 11, 'Nada a declarar', 13, '2016-12-07 20:21:11'),
(252, 12, 'Nenhum', 13, '2016-12-07 20:21:11'),
(253, 13, 'Não', 13, '2016-12-07 20:21:11'),
(254, 14, 'Sim', 13, '2016-12-07 20:21:11'),
(255, 15, 'Sim', 13, '2016-12-07 20:21:11'),
(256, 16, 'Não', 13, '2016-12-07 20:21:11'),
(257, 17, '', 13, '2016-12-07 20:21:11'),
(258, 18, 'a', 13, '2016-12-07 20:21:11'),
(259, 19, 'São necessários', 13, '2016-12-07 20:21:11'),
(260, 20, 'Se pudesse juntar três ferramentas, eu juntaria o controle de layers, frames e preview do GraphicsGale, o editor de sprite do Gamemaker: Studio2 e a transparência e o controle de paletas do photoshop', 13, '2016-12-07 20:21:11'),
(261, 21, 'Software de desenho digital com suporte à animação', 13, '2016-12-07 20:21:11'),
(262, 22, 'Sim', 13, '2016-12-07 20:21:11'),
(263, 23, 'e', 13, '2016-12-07 20:21:11'),
(264, 24, 'Um pouco', 13, '2016-12-07 20:21:11'),
(265, 25, 'Sim', 13, '2016-12-07 20:21:11'),
(266, 26, 'Médio', 13, '2016-12-07 20:21:11'),
(267, 27, 'Alto', 13, '2016-12-07 20:21:11'),
(268, 28, 'não', 13, '2016-12-07 20:21:11'),
(269, 29, 'sim', 13, '2016-12-07 20:21:11'),
(270, 30, 'Talvez uma Ferramenta Lasso ou Marquee? um toggle de layers? E o fundo ficaria mais legivel se fosse opaco.', 13, '2016-12-07 20:21:11'),
(271, 1, '', 14, '2016-12-07 21:26:20'),
(272, 2, 'a', 14, '2016-12-07 21:26:20'),
(273, 3, 'a', 14, '2016-12-07 21:26:20'),
(274, 4, '', 14, '2016-12-07 21:26:20'),
(275, 5, 'nao', 14, '2016-12-07 21:26:20'),
(276, 6, 'c', 14, '2016-12-07 21:26:20'),
(277, 7, 'b', 14, '2016-12-07 21:26:20'),
(278, 8, '', 14, '2016-12-07 21:26:20'),
(279, 9, 'e', 14, '2016-12-07 21:26:20'),
(280, 10, 'b', 14, '2016-12-07 21:26:20'),
(281, 11, '', 14, '2016-12-07 21:26:20'),
(282, 12, '', 14, '2016-12-07 21:26:20'),
(283, 13, 'nao', 14, '2016-12-07 21:26:20'),
(284, 14, 'sim', 14, '2016-12-07 21:26:20'),
(285, 15, 'nao', 14, '2016-12-07 21:26:20'),
(286, 16, 'nao', 14, '2016-12-07 21:26:20'),
(287, 17, '', 14, '2016-12-07 21:26:20'),
(288, 18, 'a', 14, '2016-12-07 21:26:20'),
(289, 19, 'simbolos sao muito necessarios ajudam no compreendimento rapido da cena ', 14, '2016-12-07 21:26:20'),
(290, 20, '', 14, '2016-12-07 21:26:20'),
(291, 21, 'digitalize os desenhos feitos no papel', 14, '2016-12-07 21:26:20'),
(292, 22, 'sim', 14, '2016-12-07 21:26:20'),
(293, 23, 'e', 14, '2016-12-07 21:26:20'),
(294, 24, 'nao muito', 14, '2016-12-07 21:26:20'),
(295, 25, 'nao', 14, '2016-12-07 21:26:20'),
(296, 26, 'pouco relevante', 14, '2016-12-07 21:26:20'),
(297, 27, 'muito relevante', 14, '2016-12-07 21:26:20'),
(298, 28, 'sim', 14, '2016-12-07 21:26:20'),
(299, 29, 'sim', 14, '2016-12-07 21:26:20'),
(300, 30, 'circular onde estao as ferramentas diante do fundo, a borracha esta invisivel.', 14, '2016-12-07 21:26:20'),
(301, 1, '', 15, '2016-12-07 22:12:52'),
(302, 2, 'a', 15, '2016-12-07 22:12:52'),
(303, 3, 'a', 15, '2016-12-07 22:12:52'),
(304, 4, '', 15, '2016-12-07 22:12:52'),
(305, 5, 'Nao', 15, '2016-12-07 22:12:52'),
(306, 6, 'e', 15, '2016-12-07 22:12:52'),
(307, 7, 'd', 15, '2016-12-07 22:12:52'),
(308, 8, '', 15, '2016-12-07 22:12:52'),
(309, 9, 'e', 15, '2016-12-07 22:12:52'),
(310, 10, 'b', 15, '2016-12-07 22:12:52'),
(311, 11, '', 15, '2016-12-07 22:12:52'),
(312, 12, '', 15, '2016-12-07 22:12:52'),
(313, 13, '6', 15, '2016-12-07 22:12:52'),
(314, 14, 'Sim', 15, '2016-12-07 22:12:52'),
(315, 15, 'Sim', 15, '2016-12-07 22:12:52'),
(316, 16, 'Nao', 15, '2016-12-07 22:12:52'),
(317, 17, '', 15, '2016-12-07 22:12:52'),
(318, 18, 'b', 15, '2016-12-07 22:12:52'),
(319, 19, 'São necessários', 15, '2016-12-07 22:12:52'),
(320, 20, 'Um photoshop com o sistema de animacao do unity', 15, '2016-12-07 22:12:52'),
(321, 21, 'mesa digitalizadora', 15, '2016-12-07 22:12:52'),
(322, 22, 'sim', 15, '2016-12-07 22:12:52'),
(323, 23, 'e', 15, '2016-12-07 22:12:52'),
(324, 24, 'sim', 15, '2016-12-07 22:12:52'),
(325, 25, 'sim', 15, '2016-12-07 22:12:52'),
(326, 26, '', 15, '2016-12-07 22:12:52'),
(327, 27, '', 15, '2016-12-07 22:12:52'),
(328, 28, '', 15, '2016-12-07 22:12:52'),
(329, 29, '', 15, '2016-12-07 22:12:52'),
(330, 30, '', 15, '2016-12-07 22:12:52'),
(331, 1, 'Nenhum', 15, '2016-12-07 22:16:38'),
(332, 2, 'a', 15, '2016-12-07 22:16:38'),
(333, 3, 'a', 15, '2016-12-07 22:16:38'),
(334, 4, 'Nenhum', 15, '2016-12-07 22:16:38'),
(335, 5, 'Não', 15, '2016-12-07 22:16:38'),
(336, 6, 'e', 15, '2016-12-07 22:16:38'),
(337, 7, 'e', 15, '2016-12-07 22:16:38'),
(338, 8, 'Photoshop, Flash', 15, '2016-12-07 22:16:38'),
(339, 9, 'e', 15, '2016-12-07 22:16:38'),
(340, 10, 'b', 15, '2016-12-07 22:16:38'),
(341, 11, 'Nada a declarar', 15, '2016-12-07 22:16:38'),
(342, 12, 'Nenhum', 15, '2016-12-07 22:16:38'),
(343, 13, 'Não', 15, '2016-12-07 22:16:38'),
(344, 14, 'Sim', 15, '2016-12-07 22:16:38'),
(345, 15, 'Sim', 15, '2016-12-07 22:16:38'),
(346, 16, 'Não', 15, '2016-12-07 22:16:38'),
(347, 17, '', 15, '2016-12-07 22:16:38'),
(348, 18, 'b', 15, '2016-12-07 22:16:38'),
(349, 19, 'São necessários', 15, '2016-12-07 22:16:38'),
(350, 20, 'Um photoshop com o sistema de animacao do unity', 15, '2016-12-07 22:16:38'),
(351, 21, 'Software de desenho digital', 15, '2016-12-07 22:16:38'),
(352, 22, 'Sim', 15, '2016-12-07 22:16:38'),
(353, 23, 'e', 15, '2016-12-07 22:16:38'),
(354, 24, 'Sim ', 15, '2016-12-07 22:16:38'),
(355, 25, 'Sim', 15, '2016-12-07 22:16:38'),
(356, 26, 'Grande', 15, '2016-12-07 22:16:38'),
(357, 27, 'Alto', 15, '2016-12-07 22:16:38'),
(358, 28, 'não', 15, '2016-12-07 22:16:38'),
(359, 29, 'não', 15, '2016-12-07 22:16:38'),
(360, 30, 'Reconhecer mais facilmente letras e numeros.', 15, '2016-12-07 22:16:38'),
(361, 1, 'EVEN3GAMES', 16, '2016-12-08 15:58:04'),
(362, 2, 'd', 16, '2016-12-08 15:58:04'),
(363, 3, 'b', 16, '2016-12-08 15:58:04'),
(364, 4, 'MSP, Cicenma Animadores e Assisente de animação do Céu D''ellia', 16, '2016-12-08 15:58:04'),
(365, 5, 'trabalho com animador de personagem', 16, '2016-12-08 15:58:04'),
(366, 6, 'e', 16, '2016-12-08 15:58:04'),
(367, 7, 'e', 16, '2016-12-08 15:58:04'),
(368, 8, 'Toon Boom Harmony', 16, '2016-12-08 15:58:04'),
(369, 9, 'd', 16, '2016-12-08 15:58:04'),
(370, 10, 'c', 16, '2016-12-08 15:58:04'),
(371, 11, '', 16, '2016-12-08 15:58:04'),
(372, 12, 'Animatic é o mais importante', 16, '2016-12-08 15:58:04'),
(373, 13, 'Não', 16, '2016-12-08 15:58:04'),
(374, 14, 'às vezes', 16, '2016-12-08 15:58:04'),
(375, 15, 'Raramente', 16, '2016-12-08 15:58:04'),
(376, 16, 'Não', 16, '2016-12-08 15:58:04'),
(377, 17, '', 16, '2016-12-08 15:58:04'),
(378, 18, 'a', 16, '2016-12-08 15:58:04'),
(379, 19, 'São de muita importancia no storyboard para posteriormente montar um animatic', 16, '2016-12-08 15:58:04'),
(380, 20, 'Photoshop, com ferramentas de desenho, junto as ferramentas de animação do After Effects', 16, '2016-12-08 15:58:04'),
(381, 21, 'Software de desenho digital', 16, '2016-12-08 15:58:04'),
(382, 22, 'SIm', 16, '2016-12-08 15:58:04'),
(383, 23, '', 16, '2016-12-08 15:58:04'),
(384, 24, '', 16, '2016-12-08 15:58:04'),
(385, 25, '', 16, '2016-12-08 15:58:04'),
(386, 26, '', 16, '2016-12-08 15:58:04'),
(387, 27, '', 16, '2016-12-08 15:58:04'),
(388, 28, '', 16, '2016-12-08 15:58:04'),
(389, 29, '', 16, '2016-12-08 15:58:04'),
(390, 30, '', 16, '2016-12-08 15:58:04'),
(391, 1, 'EVEN3GAMES', 16, '2016-12-08 16:01:26'),
(392, 2, 'd', 16, '2016-12-08 16:01:26'),
(393, 3, 'b', 16, '2016-12-08 16:01:26'),
(394, 4, 'MSP, Cicenma Animadores e Assisente de animação do Céu D''ellia', 16, '2016-12-08 16:01:26'),
(395, 5, 'animação de personagem', 16, '2016-12-08 16:01:26'),
(396, 6, 'e', 16, '2016-12-08 16:01:26'),
(397, 7, 'e', 16, '2016-12-08 16:01:26'),
(398, 8, 'Toon Boom Harmony', 16, '2016-12-08 16:01:26'),
(399, 9, 'd', 16, '2016-12-08 16:01:26'),
(400, 10, 'd', 16, '2016-12-08 16:01:26'),
(401, 11, 'Nada a declarar', 16, '2016-12-08 16:01:26'),
(402, 12, 'Animatic é o mais importante', 16, '2016-12-08 16:01:26'),
(403, 13, 'nao', 16, '2016-12-08 16:01:26'),
(404, 14, 'raramente', 16, '2016-12-08 16:01:26'),
(405, 15, 'Raramente', 16, '2016-12-08 16:01:26'),
(406, 16, 'nao', 16, '2016-12-08 16:01:26'),
(407, 17, '', 16, '2016-12-08 16:01:26'),
(408, 18, 'a', 16, '2016-12-08 16:01:26'),
(409, 19, 'São necessários', 16, '2016-12-08 16:01:26'),
(410, 20, 'Photoshop, com ferramentas de desenho, junto as ferramentas de animação do After Effects', 16, '2016-12-08 16:01:26'),
(411, 21, 'Software de desenho digital', 16, '2016-12-08 16:01:26'),
(412, 22, 'Sim', 16, '2016-12-08 16:01:26'),
(413, 23, 'd', 16, '2016-12-08 16:01:26'),
(414, 24, 'sim', 16, '2016-12-08 16:01:26'),
(415, 25, '', 16, '2016-12-08 16:01:26'),
(416, 26, '', 16, '2016-12-08 16:01:26'),
(417, 27, '', 16, '2016-12-08 16:01:26'),
(418, 28, '', 16, '2016-12-08 16:01:26'),
(419, 29, '', 16, '2016-12-08 16:01:26'),
(420, 30, '', 16, '2016-12-08 16:01:26'),
(421, 1, '', 16, '2016-12-08 16:01:49'),
(422, 2, '', 16, '2016-12-08 16:01:49'),
(423, 3, '', 16, '2016-12-08 16:01:49'),
(424, 4, '', 16, '2016-12-08 16:01:49'),
(425, 5, '', 16, '2016-12-08 16:01:49'),
(426, 6, '', 16, '2016-12-08 16:01:49'),
(427, 7, '', 16, '2016-12-08 16:01:49'),
(428, 8, '', 16, '2016-12-08 16:01:49'),
(429, 9, '', 16, '2016-12-08 16:01:49'),
(430, 10, '', 16, '2016-12-08 16:01:49'),
(431, 11, '', 16, '2016-12-08 16:01:49'),
(432, 12, '', 16, '2016-12-08 16:01:49'),
(433, 13, '', 16, '2016-12-08 16:01:49'),
(434, 14, '', 16, '2016-12-08 16:01:49'),
(435, 15, '', 16, '2016-12-08 16:01:49'),
(436, 16, '', 16, '2016-12-08 16:01:49'),
(437, 17, '', 16, '2016-12-08 16:01:49'),
(438, 18, '', 16, '2016-12-08 16:01:49'),
(439, 19, '', 16, '2016-12-08 16:01:49'),
(440, 20, '', 16, '2016-12-08 16:01:49'),
(441, 21, '', 16, '2016-12-08 16:01:49'),
(442, 22, '', 16, '2016-12-08 16:01:49'),
(443, 23, '', 16, '2016-12-08 16:01:49'),
(444, 24, '', 16, '2016-12-08 16:01:49'),
(445, 25, '', 16, '2016-12-08 16:01:49'),
(446, 26, '', 16, '2016-12-08 16:01:49'),
(447, 27, '', 16, '2016-12-08 16:01:49'),
(448, 28, '', 16, '2016-12-08 16:01:49'),
(449, 29, '', 16, '2016-12-08 16:01:49'),
(450, 30, '', 16, '2016-12-08 16:01:49'),
(451, 1, 'EVEN3GAMES', 16, '2016-12-08 16:06:54'),
(452, 2, 'd', 16, '2016-12-08 16:06:54'),
(453, 3, 'b', 16, '2016-12-08 16:06:54'),
(454, 4, 'MSP, Cicenma Animadores e Assisente de animação do Céu D''ellia', 16, '2016-12-08 16:06:54'),
(455, 5, 'nao', 16, '2016-12-08 16:06:54'),
(456, 6, 'e', 16, '2016-12-08 16:06:54'),
(457, 7, 'e', 16, '2016-12-08 16:06:54'),
(458, 8, 'Toon Boom Harmony', 16, '2016-12-08 16:06:54'),
(459, 9, 'd', 16, '2016-12-08 16:06:54'),
(460, 10, 'd', 16, '2016-12-08 16:06:54'),
(461, 11, 'Nada a declarar', 16, '2016-12-08 16:06:54'),
(462, 12, 'Animatic é o mais importante', 16, '2016-12-08 16:06:54'),
(463, 13, 'nao', 16, '2016-12-08 16:06:54'),
(464, 14, 'raramente', 16, '2016-12-08 16:06:54'),
(465, 15, 'Raramente', 16, '2016-12-08 16:06:54'),
(466, 16, 'Não', 16, '2016-12-08 16:06:54'),
(467, 17, '', 16, '2016-12-08 16:06:54'),
(468, 18, 'a', 16, '2016-12-08 16:06:54'),
(469, 19, 'São necessários', 16, '2016-12-08 16:06:54'),
(470, 20, 'Photoshop, com ferramentas de desenho, junto as ferramentas de animação do After Effects', 16, '2016-12-08 16:06:54'),
(471, 21, 'Software de desenho digital', 16, '2016-12-08 16:06:54'),
(472, 22, 'Sim', 16, '2016-12-08 16:06:54'),
(473, 23, 'd', 16, '2016-12-08 16:06:54'),
(474, 24, 'Sim ', 16, '2016-12-08 16:06:54'),
(475, 25, 'Sim', 16, '2016-12-08 16:06:54'),
(476, 26, 'muito interessante', 16, '2016-12-08 16:06:54'),
(477, 27, 'promissor', 16, '2016-12-08 16:06:54'),
(478, 28, 'sim', 16, '2016-12-08 16:06:54'),
(479, 29, 'sim', 16, '2016-12-08 16:06:54'),
(480, 30, 'maior facilidade no reconhecimento. ', 16, '2016-12-08 16:06:54'),
(481, 1, 'Eder Gil', 17, '2016-12-08 18:20:50'),
(482, 2, 'c', 17, '2016-12-08 18:20:50'),
(483, 3, 'c', 17, '2016-12-08 18:20:50'),
(484, 4, 'MSP, Cicenma Animadores e Assisente de animação do Céu D''ellia', 17, '2016-12-08 18:20:50'),
(485, 5, 'animação de personagem', 17, '2016-12-08 18:20:50'),
(486, 6, 'e', 17, '2016-12-08 18:20:50'),
(487, 7, 'c', 17, '2016-12-08 18:20:50'),
(488, 8, 'Toon Boom Harmony, sai, photoshop', 17, '2016-12-08 18:20:50'),
(489, 9, 'd', 17, '2016-12-08 18:20:50'),
(490, 10, 'd', 17, '2016-12-08 18:20:50'),
(491, 11, 'Nada a declarar', 17, '2016-12-08 18:20:50'),
(492, 12, 'roteiro, decupagem de roteiro, design de personagem, rig, props, cenarios', 17, '2016-12-08 18:20:50'),
(493, 13, 'Não', 17, '2016-12-08 18:20:50'),
(494, 14, 'Sim', 17, '2016-12-08 18:20:50'),
(495, 15, 'nem sempre', 17, '2016-12-08 18:20:50'),
(496, 16, 'Primeiro devesse decupar o roteiro para depois produzir o storyboard', 17, '2016-12-08 18:20:50'),
(497, 17, '', 17, '2016-12-08 18:20:50'),
(498, 18, 'a', 17, '2016-12-08 18:20:50'),
(499, 19, 'São de muita importancia no storyboard para posteriormente montar um animatic', 17, '2016-12-08 18:20:50'),
(500, 20, 'Photoshop e Sai com ferramentas de desenho, junto as ferramentas de animação do toon boom', 17, '2016-12-08 18:20:50'),
(501, 21, 'Software de desenho digital', 17, '2016-12-08 18:20:50'),
(502, 22, 'Sim. Porem esse material deve ter a opcao de ser editado ', 17, '2016-12-08 18:20:50'),
(503, 23, 'd', 17, '2016-12-08 18:20:50'),
(504, 24, 'nao muito', 17, '2016-12-08 18:20:50'),
(505, 25, 'Sim', 17, '2016-12-08 18:20:50'),
(506, 26, 'Muito interessante. Com mais aprimoramento da ferramenta, o slap pode acabar sendo adotado por bastante profissionais.', 17, '2016-12-08 18:20:50'),
(507, 27, 'promissor', 17, '2016-12-08 18:20:50'),
(508, 28, 'sim', 17, '2016-12-08 18:20:50'),
(509, 29, 'não', 17, '2016-12-08 18:20:50'),
(510, 30, '', 17, '2016-12-08 18:20:50'),
(511, 1, 'Nao trabalho em um estúdio', 18, '2016-12-13 10:45:51'),
(512, 2, 'a', 18, '2016-12-13 10:45:51'),
(513, 3, 'a', 18, '2016-12-13 10:45:51'),
(514, 4, 'Nunca trabalhei em algum estúdio', 18, '2016-12-13 10:45:51'),
(515, 5, 'Nao estou envolvido', 18, '2016-12-13 10:45:51'),
(516, 6, 'd', 18, '2016-12-13 10:45:51'),
(517, 7, 'e', 18, '2016-12-13 10:45:51'),
(518, 8, 'SLAP editor', 18, '2016-12-13 10:45:51'),
(519, 9, 'e', 18, '2016-12-13 10:45:51'),
(520, 10, 'e', 18, '2016-12-13 10:45:51'),
(521, 11, 'Nao trabalho nesta área', 18, '2016-12-13 10:45:51'),
(522, 12, 'Nada a declarar', 18, '2016-12-13 10:45:51'),
(523, 13, 'Nao exatamente', 18, '2016-12-13 10:45:51'),
(524, 14, 'Com certeza, desde que nao o polua', 18, '2016-12-13 10:45:51'),
(525, 15, 'Sim e nao... A cena pode ser um tanto simples, dispensando detalhamento', 18, '2016-12-13 10:45:51'),
(526, 16, 'Nada a declarar', 18, '2016-12-13 10:45:51'),
(527, 17, 'Troca de cen;ario, rotacao de objetos, movimentos de personagens e etc', 18, '2016-12-13 10:45:51'),
(528, 18, 'a', 18, '2016-12-13 10:45:51'),
(529, 19, 'Sao muito bem vindos, uma vez que se a equipe nao estiver junta pode ajudar na compreensao individual', 18, '2016-12-13 10:45:51'),
(530, 20, 'Nada a declarar', 18, '2016-12-13 10:45:51'),
(531, 21, 'Um software que interprete e digitalize os desenhos feitos no papel', 18, '2016-12-13 10:45:51'),
(532, 22, 'Muito! Evitaria possíveis erros na hora da modelagem', 18, '2016-12-13 10:45:51'),
(533, 23, 'e', 18, '2016-12-13 10:45:51'),
(534, 24, 'Nap', 18, '2016-12-13 10:45:51'),
(535, 25, 'Sempre', 18, '2016-12-13 10:45:51'),
(536, 26, 'Muito relevante, fica fácil corrigir erros', 18, '2016-12-13 10:45:51'),
(537, 27, 'Muito relevante, economiza tempo com a animacao', 18, '2016-12-13 10:45:51'),
(538, 28, 'sim', 18, '2016-12-13 10:45:51'),
(539, 29, 'sim', 18, '2016-12-13 10:45:51'),
(540, 30, 'Nenhuma', 18, '2016-12-13 10:45:51');

-- --------------------------------------------------------

--
-- Estrutura da tabela `redeem_code`
--

DROP TABLE IF EXISTS `redeem_code`;
CREATE TABLE `redeem_code` (
  `id_redeem_code` int(11) NOT NULL,
  `code` varchar(10) DEFAULT NULL,
  `total_users` int(11) DEFAULT NULL
) ENGINE=InnoDB DEFAULT CHARSET=latin1;

--
-- Extraindo dados da tabela `redeem_code`
--

INSERT INTO `redeem_code` (`id_redeem_code`, `code`, `total_users`) VALUES
(1, 'testes', 6),
(2, 'gf1', 0),
(3, 'gf2', 0),
(4, 'gf3', 0),
(5, 'gf4', 0),
(6, 'gf5', 0);

-- --------------------------------------------------------

--
-- Estrutura da tabela `storyboard`
--

DROP TABLE IF EXISTS `storyboard`;
CREATE TABLE `storyboard` (
  `id_storyboard` int(11) NOT NULL,
  `title` varchar(100) NOT NULL,
  `avatar` varchar(100) NOT NULL,
  `id_user` int(11) NOT NULL,
  `lastupdate` timestamp NOT NULL DEFAULT CURRENT_TIMESTAMP ON UPDATE CURRENT_TIMESTAMP,
  `fps` int(11) NOT NULL,
  `frame_format` int(11) NOT NULL,
  `description` text NOT NULL
) ENGINE=InnoDB DEFAULT CHARSET=latin1;

--
-- Extraindo dados da tabela `storyboard`
--

INSERT INTO `storyboard` (`id_storyboard`, `title`, `avatar`, `id_user`, `lastupdate`, `fps`, `frame_format`, `description`) VALUES
(24, 'Teste storyboard', 'users/pauloendoh/storyboards/pauloendoh24/1480940577.png', 8, '2016-12-05 12:32:16', 24, 1, 'teste'),
(26, 'Meu primeiro storyboard', 'users/felipe.rodrigues/storyboards/felipe.rodrigues26/1480977147.png', 9, '2016-12-05 22:32:27', 24, 2, 'Storyboard'),
(27, 'Movimento', 'users/felipe.rodrigues/storyboards/felipe.rodrigues27/1480977494.png', 9, '2016-12-05 23:04:28', 24, 2, 'Movimento '),
(28, 'Storyboard 1', 'users/cacique/storyboards/cacique28/1481118606.png', 10, '2016-12-07 13:50:06', 24, 1, 'This is my first storyboard!'),
(29, 'Meu primeiro storyboard', 'users/kadtok/storyboards/kadtok29/1481141239.png', 11, '2016-12-07 20:07:19', 24, 2, 'Meu primeiro storyboard'),
(30, 'novo storyboard', 'users/kadtok/storyboards/kadtok30/1481141554.png', 11, '2016-12-07 20:34:02', 24, 1, 'storyboard teste'),
(31, 'Meu primeiro storyboard', 'users/cnatalo/storyboards/cnatalo31/1481143769.png', 12, '2016-12-07 21:02:30', 24, 1, 'Meu primeiro storyboard'),
(32, 'Meu primeiro storyboard', 'users/AnaBe/storyboards/AnaBe32/1481146632.png', 13, '2016-12-07 21:37:12', 24, 2, 'Meu primeiro storyboard'),
(33, 'Meu segundo storyboard', 'users/AnaBe/storyboards/AnaBe33/1481147066.png', 13, '2016-12-07 22:07:15', 24, 1, 'Meu segundo storyboard'),
(34, 'Meu primeiro storyboard', 'users/nikeferrr/storyboards/nikeferrr34/1481151243.png', 14, '2016-12-07 22:54:03', 24, 2, 'meu primeiro storyboard'),
(35, 'Teste Cacique', 'users/nikeferrr/storyboards/nikeferrr35/1481151557.png', 14, '2016-12-07 23:18:06', 24, 2, 'teste do storyboard'),
(36, 'Meu primeiro storyboard', 'users/intestinal/storyboards/intestinal36/1481153625.png', 15, '2016-12-07 23:33:45', 24, 2, 'Meu primeiro Storyboard'),
(37, 'Minha História', 'users/intestinal/storyboards/intestinal37/1481153976.png', 15, '2016-12-07 23:54:02', 24, 1, 'Minha vida'),
(40, 'Meu primeiro storyboard', 'users/raffribeiro/storyboards/raffribeiro40/1481217171.png', 16, '2016-12-08 17:12:51', 24, 2, 'Meu primeiro storyboard'),
(41, 'Storyboard 1', 'users/raffribeiro/storyboards/raffribeiro41/1481217792.png', 16, '2016-12-08 17:50:34', 24, 1, 'Teste'),
(42, 'Meu primeiro storyboard', 'users/ederhq/storyboards/ederhq42/1481224786.png', 17, '2016-12-08 19:19:46', 24, 2, 'Meu primeiro storyboard'),
(43, 'segundo', 'users/ederhq/storyboards/ederhq43/1481225573.png', 17, '2016-12-08 20:01:00', 24, 1, 'segundo'),
(44, 'Meu primeiro storyboard', 'users/lucasoaresf/storyboards/lucasoaresf44/1481631013.png', 18, '2016-12-13 12:10:13', 24, 2, 'Meu primeiro storyboard'),
(45, 'Teste de usabilidade', 'users/lucasoaresf/storyboards/lucasoaresf45/1481631215.png', 18, '2016-12-13 12:34:25', 24, 1, 'Teste de usabilidade'),
(46, 'Teste de story', '', 1, '2017-02-06 16:31:56', 24, 1, 'jhsbvmn sdkjb smnf cjk'),
(47, 'Teste', 'users/phcacique/storyboards/phcacique47/1491410277.png', 1, '2017-04-05 16:37:57', 24, 1, 'jfvlkzfvkxzncvkxc');

-- --------------------------------------------------------

--
-- Estrutura da tabela `usercode`
--

DROP TABLE IF EXISTS `usercode`;
CREATE TABLE `usercode` (
  `id_usercode` int(11) NOT NULL,
  `id_userapp` int(11) NOT NULL,
  `id_redeem_code` int(11) NOT NULL
) ENGINE=InnoDB DEFAULT CHARSET=latin1;

--
-- Extraindo dados da tabela `usercode`
--

INSERT INTO `usercode` (`id_usercode`, `id_userapp`, `id_redeem_code`) VALUES
(6, 8, 2),
(7, 9, 3),
(8, 10, 1),
(9, 11, 4),
(10, 12, 4),
(11, 13, 4),
(12, 14, 5),
(13, 15, 5),
(14, 16, 6),
(15, 17, 6),
(16, 18, 2);

--
-- Indexes for dumped tables
--

--
-- Indexes for table `appuser`
--
ALTER TABLE `appuser`
  ADD PRIMARY KEY (`id_appuser`);

--
-- Indexes for table `bug`
--
ALTER TABLE `bug`
  ADD PRIMARY KEY (`id_bug`),
  ADD KEY `fk_userbug_idx` (`id_user`);

--
-- Indexes for table `frame`
--
ALTER TABLE `frame`
  ADD PRIMARY KEY (`id_frame`),
  ADD KEY `fk_frame_story_idx` (`id_storyboard`);

--
-- Indexes for table `framelayer`
--
ALTER TABLE `framelayer`
  ADD PRIMARY KEY (`id_layer`),
  ADD KEY `fk_frameLayer_idx` (`id_frame`);

--
-- Indexes for table `Gesture`
--
ALTER TABLE `Gesture`
  ADD PRIMARY KEY (`id_gesture`),
  ADD KEY `fk_fl_idx` (`fk_framelayer`),
  ADD KEY `fk_gt_idx` (`fk_gestureType`);

--
-- Indexes for table `GestureParam`
--
ALTER TABLE `GestureParam`
  ADD PRIMARY KEY (`id_GestureParam`),
  ADD KEY `fk_g_idx` (`fk_gesture`);

--
-- Indexes for table `GestureType`
--
ALTER TABLE `GestureType`
  ADD PRIMARY KEY (`id_GestureType`);

--
-- Indexes for table `post`
--
ALTER TABLE `post`
  ADD PRIMARY KEY (`id_post`),
  ADD KEY `fk_id_user_idx` (`id_user`);

--
-- Indexes for table `question`
--
ALTER TABLE `question`
  ADD PRIMARY KEY (`id_question`),
  ADD KEY `fk_qu_idx` (`fk_user`);

--
-- Indexes for table `redeem_code`
--
ALTER TABLE `redeem_code`
  ADD PRIMARY KEY (`id_redeem_code`);

--
-- Indexes for table `storyboard`
--
ALTER TABLE `storyboard`
  ADD PRIMARY KEY (`id_storyboard`),
  ADD KEY `id_user` (`id_user`);

--
-- Indexes for table `usercode`
--
ALTER TABLE `usercode`
  ADD PRIMARY KEY (`id_usercode`),
  ADD KEY `fk1_idx` (`id_userapp`),
  ADD KEY `fk2_idx` (`id_redeem_code`);

--
-- AUTO_INCREMENT for dumped tables
--

--
-- AUTO_INCREMENT for table `appuser`
--
ALTER TABLE `appuser`
  MODIFY `id_appuser` int(11) NOT NULL AUTO_INCREMENT, AUTO_INCREMENT=19;
--
-- AUTO_INCREMENT for table `bug`
--
ALTER TABLE `bug`
  MODIFY `id_bug` int(11) NOT NULL AUTO_INCREMENT;
--
-- AUTO_INCREMENT for table `frame`
--
ALTER TABLE `frame`
  MODIFY `id_frame` int(11) NOT NULL AUTO_INCREMENT, AUTO_INCREMENT=127;
--
-- AUTO_INCREMENT for table `framelayer`
--
ALTER TABLE `framelayer`
  MODIFY `id_layer` int(11) NOT NULL AUTO_INCREMENT, AUTO_INCREMENT=469;
--
-- AUTO_INCREMENT for table `Gesture`
--
ALTER TABLE `Gesture`
  MODIFY `id_gesture` int(11) NOT NULL AUTO_INCREMENT, AUTO_INCREMENT=120;
--
-- AUTO_INCREMENT for table `GestureParam`
--
ALTER TABLE `GestureParam`
  MODIFY `id_GestureParam` int(11) NOT NULL AUTO_INCREMENT, AUTO_INCREMENT=244;
--
-- AUTO_INCREMENT for table `GestureType`
--
ALTER TABLE `GestureType`
  MODIFY `id_GestureType` int(11) NOT NULL AUTO_INCREMENT, AUTO_INCREMENT=4;
--
-- AUTO_INCREMENT for table `post`
--
ALTER TABLE `post`
  MODIFY `id_post` int(11) NOT NULL AUTO_INCREMENT, AUTO_INCREMENT=22;
--
-- AUTO_INCREMENT for table `question`
--
ALTER TABLE `question`
  MODIFY `id_question` int(11) NOT NULL AUTO_INCREMENT, AUTO_INCREMENT=541;
--
-- AUTO_INCREMENT for table `redeem_code`
--
ALTER TABLE `redeem_code`
  MODIFY `id_redeem_code` int(11) NOT NULL AUTO_INCREMENT, AUTO_INCREMENT=7;
--
-- AUTO_INCREMENT for table `storyboard`
--
ALTER TABLE `storyboard`
  MODIFY `id_storyboard` int(11) NOT NULL AUTO_INCREMENT, AUTO_INCREMENT=48;
--
-- AUTO_INCREMENT for table `usercode`
--
ALTER TABLE `usercode`
  MODIFY `id_usercode` int(11) NOT NULL AUTO_INCREMENT, AUTO_INCREMENT=17;
--
-- Constraints for dumped tables
--

--
-- Limitadores para a tabela `bug`
--
ALTER TABLE `bug`
  ADD CONSTRAINT `fk_userbug` FOREIGN KEY (`id_user`) REFERENCES `appuser` (`id_appuser`) ON DELETE CASCADE ON UPDATE CASCADE;

--
-- Limitadores para a tabela `frame`
--
ALTER TABLE `frame`
  ADD CONSTRAINT `fk_frame_story` FOREIGN KEY (`id_storyboard`) REFERENCES `storyboard` (`id_storyboard`) ON DELETE CASCADE ON UPDATE CASCADE;

--
-- Limitadores para a tabela `framelayer`
--
ALTER TABLE `framelayer`
  ADD CONSTRAINT `fk_frameLayer` FOREIGN KEY (`id_frame`) REFERENCES `frame` (`id_frame`) ON DELETE CASCADE ON UPDATE CASCADE;

--
-- Limitadores para a tabela `Gesture`
--
ALTER TABLE `Gesture`
  ADD CONSTRAINT `fk_fl` FOREIGN KEY (`fk_framelayer`) REFERENCES `framelayer` (`id_layer`) ON DELETE CASCADE ON UPDATE CASCADE,
  ADD CONSTRAINT `fk_gt` FOREIGN KEY (`fk_gestureType`) REFERENCES `GestureType` (`id_GestureType`) ON DELETE CASCADE ON UPDATE CASCADE;

--
-- Limitadores para a tabela `GestureParam`
--
ALTER TABLE `GestureParam`
  ADD CONSTRAINT `fk_g` FOREIGN KEY (`fk_gesture`) REFERENCES `Gesture` (`id_gesture`) ON DELETE CASCADE ON UPDATE CASCADE;

--
-- Limitadores para a tabela `post`
--
ALTER TABLE `post`
  ADD CONSTRAINT `fk_postUser` FOREIGN KEY (`id_user`) REFERENCES `appuser` (`id_appuser`) ON DELETE CASCADE ON UPDATE CASCADE;

--
-- Limitadores para a tabela `question`
--
ALTER TABLE `question`
  ADD CONSTRAINT `fk_qu` FOREIGN KEY (`fk_user`) REFERENCES `appuser` (`id_appuser`) ON DELETE CASCADE ON UPDATE CASCADE;

--
-- Limitadores para a tabela `storyboard`
--
ALTER TABLE `storyboard`
  ADD CONSTRAINT `fk_id_user` FOREIGN KEY (`id_user`) REFERENCES `appuser` (`id_appuser`) ON DELETE CASCADE ON UPDATE CASCADE;

--
-- Limitadores para a tabela `usercode`
--
ALTER TABLE `usercode`
  ADD CONSTRAINT `fk1` FOREIGN KEY (`id_userapp`) REFERENCES `appuser` (`id_appuser`) ON DELETE CASCADE ON UPDATE CASCADE,
  ADD CONSTRAINT `fk2` FOREIGN KEY (`id_redeem_code`) REFERENCES `redeem_code` (`id_redeem_code`) ON DELETE CASCADE ON UPDATE CASCADE;

/*!40101 SET CHARACTER_SET_CLIENT=@OLD_CHARACTER_SET_CLIENT */;
/*!40101 SET CHARACTER_SET_RESULTS=@OLD_CHARACTER_SET_RESULTS */;
/*!40101 SET COLLATION_CONNECTION=@OLD_COLLATION_CONNECTION */;
